Published,Title,Link
"Fri, 27 Feb 2026 21:00:30 GMT","Stock market today: Dow, S&P 500, Nasdaq fall to end losing month as AI worries buffet markets - Yahoo Finance",https://news.google.com/rss/articles/CBMi7wFBVV95cUxObzA1eVlDanFrR0pyMllEbmZsTjU4RlotbnB0bk9oMF9PSUxMbnp0NEltRENuY2FsZTRodkpMRjRoYTNSbGVhWlFGNGNaNV9CallYeDVqSWhyQ09SZ2dfZ0FJMThXeTJBLTFrdXpmbXotbWU3OWdoME1iNFBQQjVOMm9wTjhabExvaXpCSFBSWC1PVW1vSlBpNnpWTnNtN1RtVWJDci1mVzR1dkl2M215MEJPM0w3WWVMOEZYZm4zZTJ5SnV2elVFT3RwWmRQTWkyWmtUY1VNdmpRWW8ta0NTRmRXekRCTERTV3pXUTRUcw?oc=5
"Sat, 28 Feb 2026 22:15:45 GMT",The Fallout Of U.S.-Iran Round Two (SP500) - Seeking Alpha,https://news.google.com/rss/articles/CBMifkFVX3lxTE56WXA1bC1yTVZGVkFEZkJtOHBLRXpnMk9CNHAtZkdCdTdmNHNWYUxCaWVHM2dZaXhmYnQyT1NfZlJaSS1VNGdHM1BiRi05ZFRJZ2JDZFpmeGk0N1Z6c1NmckhZS1dIOEgyZzJXT0t0b2lGNlNCVW05UlBhVHU4QQ?oc=5
"Sun, 01 Mar 2026 10:08:31 GMT","Wait for a 10% drop in the S&P 500 before buying the dip, Barclays says - Investing.com",https://news.google.com/rss/articles/CBMiwwFBVV95cUxQQjdyX3ozdGlVVV92TC1KMGZKQ0FWZ212TkNKV09EZXNGeHFWSnprc3I4NEt6Y3NfTHBSSERuZjRTNzlZWFhNWXNrMFJaVFNZaVFhMEFOVVJTejVmQnRMZTRQdTJFTWd3aHVEUGdHbldlS0NZMGctSWcxTTNYeG1kS3JNZXFWV0EtZjl1aWRXZVlSbWdncWFZOVNzbGNLS3JVMUZZa0htQmVzZEJ2UWZPSmdlWnlTN0pJbzdWeGFEMGUxWmc?oc=5
"Fri, 27 Feb 2026 19:42:00 GMT",Why the S&P 500 Is Looking ‘Toppy’ - Barron's,https://news.google.com/rss/articles/CBMijgNBVV95cUxPZXBvcTJralRFTDg1TjVkcy1ZaXRrQ1luTjdBcUJtTnVVa0pXX1M1enY0VXBGSFRTanptREo0Y2FkcWY2MWdhdGRQOHFBYU5WbVdTbkU0bV9ENERfTWFmNUFjUEhrZnZHUHVMNnVOd21FTE1OT2I1TmowZ084RjdjSjJiQzZMblA1X2VtNGtjRzJyXzl2cnNTT0l3OUl6cVJOWFNDYlZqTFRxU0NucFlyOEh6bG5WeXFYRzlUQnpzbkZhd2dnVkh0dlpkZjRjOWtibkdoa2lhanpyX2hXbFM5N2tVN3luYUY2Z0M5ZUphYThiWmFzRTRWOERnT1AwUXdsN29NUWpsYW1UWUp2R3o2NF9INWwzdVRKWUdsZ2lSeTNSSE4talQySE9YdG1FMG9xZlB1OWNNM0VnbVRqVzh0bkVNelpJel96UW9VNG5BREhxcjNBREpscVpXTERlQTk5OERLbDZJMjlUNzVaOVVOdDcyblVBRVJMdXBUS3RoeUpFT3ZJeFBIXzJBUFlEQQ?oc=5
"Sun, 01 Mar 2026 15:21:00 GMT","Futures, Oil Prices To React To Mideast Fighting - Investor's Business Daily",https://news.google.com/rss/articles/CBMiwgFBVV95cUxNQVoxRTljWl9IN2NuRV9MSEZDWXVWSmRkYkpLSzh0WEotQkhKSE5ydm5oakt0eDNKYWpsV1hzSGxZWUNVUmNWWWtuMW9tVEZ1MHZIcTRpMzJHdjhLWEhRVk1YOEJ6TEVJaGZSd1dJZGZIbTd2aFhON3BvdjhEVUYxQmd2OHpfanI4TmVmS0dzT2VNWFcwbzNTR1hSbTJ1eUlHOTBkTzRiRXJJSFJFR1U2UkFrM25STU95cXlxX0kzYzRRdw?oc=5
"Thu, 26 Feb 2026 13:27:52 GMT",The S&P 500 Is Forecast to Rally amid a Healthy Economy in 2026 - Goldman Sachs,https://news.google.com/rss/articles/CBMiqAFBVV95cUxPR2VtWnNCXzZURngzMDVfTmxxQ3JfLS1ZSXpHUFJhVC1oa3NXV1VnMEtUcGF3MV9rVEdUdGRYRlBoRTc3LU1YZW1HRFBoOVFxVzNrdzVyRGpkSmc4LU5iU2hCd0xYUFhHMk16eTR0alJ3cDczXzBqUmZjc1l1M1BnNC1faWlRQ18zS2NXaFdvcU92UjgzQjRqSFJQNmtJSVpHQWFsbkRjR2w?oc=5
"Sun, 01 Mar 2026 13:48:42 GMT",Global Earnings Underscore Shift From US as S&P 500 Slumped - Bloomberg.com,https://news.google.com/rss/articles/CBMirwFBVV95cUxPeDdmdEsxdHN0ZERvQ2tuVTYxZGNENlpITHZkNko5V0gwUHdNSFlDUXVNb05EZXdvM3lzd3BDeURWV2NxX2xISy1lVjdHdHNLdzNkOHZDbGkxMzZhekNIcExzb190Z09PTkU3UDZaaFJsb0VvS0xWc1JyRVozbXRyRFN0YzJOUGl5VU0yMWNFZW14NFlaTFNLVjk4d2tYTDNlSnE5ZHp3ZUtWNmYwWURj?oc=5
"Sun, 01 Mar 2026 15:22:45 GMT","S&P 500 (SPX) Opens Up or Down on March 2? Trading Odds & Predictions (Mar. 2, 2026) - Polymarket",https://news.google.com/rss/articles/CBMic0FVX3lxTE1uRWhBaU5ickVBTDM3Ml9GN2hDOWxPU1NsdXNPWi1vc3FvNUdaTWJkaUc2aVJXV0dCMUEzSGMxeU5ETDBEY1l6c0JPYk1weTJ4OVMyekJvdnMxd1ZVSkZYV3did2NfWTJSLXJyX21rMExEaVE?oc=5
"Sun, 01 Mar 2026 09:12:00 GMT","Buy 2 Vanguard Index Funds to Beat the S&P 500 in the Next 5 Years, According to Wall Street Analysts - The Motley Fool",https://news.google.com/rss/articles/CBMilgFBVV95cUxNMDhSUkI1d01FSW5RRVg1Z2xTYlhUUEZwWEtOc2ZLUjM5QWhidEo2X1VjWG9yaDlYc0hlQnlIYTdaNExlSk5UU2FEQW9ncmNkaXh3OWY4UlpJZGx6NGVXeXItcUljOXlFdUc2T2JLU1R2TllaWXpyb3VVYnRQeUxqaFJTVkFPQTJjNkh1RFhVSmJSdXNxR3c?oc=5
"Sun, 01 Mar 2026 09:32:00 GMT","Buy 2 Vanguard Index Funds to Beat the S&P 500 in the Next 5 Years, According to Wall Street Analysts - Nasdaq",https://news.google.com/rss/articles/CBMitAFBVV95cUxQa0NFalE0SUM2WGJmbloxNzlwTVZJUVYyamNqSjEtZmpRZzYyTUxSRjV1U3YwMko5TkdpSmdsMDJjNFpiQkRKdmdOdkluMHQtNDhQSDZPc1d5Y3JZaThnZnhmRGgzYVNhRnFWNWxUSUdlY0Q5Z0xVbG9wQVFGTENOSzUxMXFOSjZJWHM5RV90WjdnUmduTWd2a2JJVERXZFpmY0djdmM1X1hMaGVWM1cwWHc1VnY?oc=5
"Sun, 01 Mar 2026 05:30:00 GMT",S&P 500 Snapshot: 50-Day MA Becomes A Pivot Point Amid February Volatility - Seeking Alpha,https://news.google.com/rss/articles/CBMisAFBVV95cUxPdGw3YjlTSlo3RENhVkJ4V2ZUWndBTnpjZWpVZktNanZlNERBZWNLRjl2THVPSl9DNUVsTXlJSU45V183TktDWDBiWTVMUEVNVmMtTUtvWmRYcVpUaWhrRmh6SFJCUU5FOXVHUVd4aXRPb3R0R2ZFZmZxSXppVHdZRWFOU2xhcWhlQnI4azVSbm9CT0FseTZSRGZDd0hhMm5mVkExd0l4clUzMEMwQzNfQw?oc=5
"Tue, 24 Feb 2026 17:37:23 GMT","S&P 500 poised to gain 10% by year-end, but trade, AI disruption concerns persist - Reuters",https://news.google.com/rss/articles/CBMitgFBVV95cUxNSGJFWndGVEt0bnUweXhwTEhWMk9INDRKZ0VwM3BqelJRS0dmaEpySHFlSFF2ZW1BX2ZSWEs5cFI3SHNzMHhSOGFyNGRmSV85MkcxY1c1b0o5REVIcEg2N25mTWx3aTZXUXNBV242OF9MU3QzUzFZQVVwT21SbDVWaERNVzktcWFaYlQwY0tTUEN3X1hKcms1RmNmT3BtbHhFYTl6dTI0U3BKdVVkcDZ1OV9fckROdw?oc=5
"Thu, 26 Feb 2026 13:40:00 GMT",Morgan Stanley's Mike Wilson: The S&P 500 could 'catch down' to complete the market correction - CNBC,https://news.google.com/rss/articles/CBMizAFBVV95cUxQZVppM21VS2dGWDFWUXh1a2JlOGRsOUJJOVRmMFBrellwd1B5YTJ1ci1vRHd2dTRXbXlpSGF5ck1zT0RUTVhvZHExeGpOemVBQ0gxRFZSc2hlajFVUGdpaFNhaVFOZGpCekdkeUhHeTh1bkQxaWwyQlhlUFBjUGNiaGtvQms5SlVvbmY3Y1pjc0FubS1RZmRBSDVpTmJwRmlvT203VUs1bFBVQkFSWWtIRHY0bVhCSXQwck1yVkpaLWNldVVGRFZ4NWtnbnQ?oc=5
"Sun, 01 Mar 2026 05:30:00 GMT",The S&P 500 Just Did This for the 21st Time in the Past 100 Years. History Is Clear About What the Next 12 Months Could Look Like. - The Motley Fool,https://news.google.com/rss/articles/CBMimAFBVV95cUxNQVlRZ01PLXVhTzBEMlFwQ0JNNEdIZ25STHJvMDNvZHZiNUhoUEFKMkowSDUzYzdrT08tVk5KNFdGUldjMnRNVXZDWEpfQWtMM0lrVTh5aU5fSUwzRURkUW82MERXUWs2UlUxZXliM3hDT3BUcUVSUUR3WmRaOU1xN2pJbHFNNVJmMHRKUWNBN1NJcFptTFhOUw?oc=5
"Fri, 27 Feb 2026 15:25:00 GMT",The Best S&P 500 ETF to Invest $500 in Right Now - Yahoo Finance,https://news.google.com/rss/articles/CBMidkFVX3lxTFBIT3R4YWJXUVRPbHZZOXZrME5vYmdFVThYMDJ6NGZfV1lTUnc2bWNGLTR3SXVISk94cGs2TThVem9pRDB2MzI5VFFhNnZoSHAwWmNJZVVqeExIUWlxQTdKa1h0NDY4SHFpb3h0OFVxVWRNZjNnaEE?oc=5
"Sun, 01 Mar 2026 00:43:33 GMT",E-mini S&P 500 Options - Contract Specs - CME Group,https://news.google.com/rss/articles/CBMitgFBVV95cUxNWWdYMVNjRGxQSEFLdFozZ0NPLUV3SXY2ZHBwTzI2b3FaQ0pkWWNxWnc4dmdtaGhRN3lCVXFScm9vbEQwVmJxSkRZTEVnbXpmRmRJeUI2dFY5dHBRVVUxSmM5ZUo3MW1WZXlYVHhKNndRcUdyTWlsUDJ5TUFDWTVyZUU4UFVFMFhnUXV3eVA5eTdiYkwxQkZzLVNnQ1JKZl9IVS1XNlhIaTdDeTR0cERKLV9BYTFGQQ?oc=5
"Fri, 27 Feb 2026 23:10:34 GMT",E-mini S&P 500 futures ended the day and month lower. - CME Group,https://news.google.com/rss/articles/CBMirAFBVV95cUxNSUhPSHVkR0dTeXlJdkVVYjNFb2ZFRlFTWlEyaFRHTV9qZmZkdURrcERkTXF3eVcxSkZVVGlPdWJ6bXlUS0ZaZ1I3MmU2TGpKdFRGWWtmZjZtQWxseHNCY1h4bWNhX0pZWWdmRVkzV3JPOFdBOW5qVTlMXzlieGVRRFdTdFMybGFoT1Z0QlZGRV9uVnhoSU9qN3lvN1lkeUFVa1BSLUlKRUkyME1E?oc=5
"Sun, 22 Feb 2026 08:00:00 GMT",What Is The S&P 500? - Bankrate,https://news.google.com/rss/articles/CBMiX0FVX3lxTE9KUmNXQ204NDY0YjlybFl4cnRrdGF3RlpLd2o3Zk1qWENFNDZrV2UzVmxabWdCRk1nMDRtZHFob202YXdWZURVUzZla00zNFgwUlFzMkdqQWRpbDRsbk9F?oc=5
"Sun, 01 Mar 2026 09:14:59 GMT",SPYM: S&P 500 Monthly Dashboard For March - Seeking Alpha,https://news.google.com/rss/articles/CBMigAFBVV95cUxQNU54SmVOeEUwSFNCN1RlRE5ZaXVhR045QUVLcHZHc0piR1FmVms5ZjR3bDNWOXpVbm5nZ1h1aDAwUFV1aE1MNDhkRm1OMm0wRGNhaGRXT0QxQkF1YW4yNG5xUFo2dnpZLUotcVBZb05lUFZfdkVZcmtrVFM4WDEwdg?oc=5
"Fri, 27 Feb 2026 21:00:43 GMT","S&P 500 Slips, World Soars: A Massive Market Mood Shift In February - Seeking Alpha",https://news.google.com/rss/articles/CBMirwFBVV95cUxNOFRrSUkzZXZLUU02YXhOb0JWY2V6dkg3QlgyQ1lKQnl6SHpnOGpmQzlWX2tYV2FtRE81N3cxSjdMVlZaTWJJTnkxVkdzc0VkVkZneFA1MzNKeGpLemZBTXBDLU1KMGczMUJtaFlXUFF3NFhNY2xwQzR0TjBlMW9Qd08zRGp1R3o5Q2U1cGk2YWJlQVhBM0VWOUprcnNaUmhDZ2JQVzEzWGcxWmYzS2F3?oc=5
